{
  "version": 2,
  "perPage": 10,
  "demos": [
    {
      "title": "Impresa Edile",
      "category": "Edilizia e Casa",
      "slug": "impresa-edile",
      "href": "/demos/impresa-edile/",
      "thumb": "/demos/impresa-edile/thumb.jpg"
    },
    {
      "title": "Impresa Ristrutturazioni",
      "category": "Edilizia e Casa",
      "slug": "impresa-ristrutturazioni",
      "href": "/demos/impresa-ristrutturazioni/",
      "thumb": "/demos/impresa-ristrutturazioni/thumb.jpg"
    },
    {
      "title": "Magazzino Edile",
      "category": "Edilizia e Casa",
      "slug": "magazzino-edile",
      "href": "/demos/magazzino-edile/",
      "thumb": "/demos/magazzino-edile/thumb.jpg"
    },
    {
      "title": "Idraulica",
      "category": "Edilizia e Casa",
      "slug": "idraulica",
      "href": "/demos/idraulica/",
      "thumb": "/demos/idraulica/thumb.jpg"
    },
    {
      "title": "Elettricista",
      "category": "Edilizia e Casa",
      "slug": "elettricista",
      "href": "/demos/elettricista/",
      "thumb": "/demos/elettricista/thumb.jpg"
    },
    {
      "title": "Climatizzazione e Impianti Termici",
      "category": "Edilizia e Casa",
      "slug": "climatizzazione-e-impianti-termici",
      "href": "/demos/climatizzazione-e-impianti-termici/",
      "thumb": "/demos/climatizzazione-e-impianti-termici/thumb.jpg"
    },
    {
      "title": "Serramenti",
      "category": "Edilizia e Casa",
      "slug": "serramenti",
      "href": "/demos/serramenti/",
      "thumb": "/demos/serramenti/thumb.jpg"
    },
    {
      "title": "Sistemi Riposo",
      "category": "Edilizia e Casa",
      "slug": "sistemi-riposo",
      "href": "/demos/sistemi-riposo/",
      "thumb": "/demos/sistemi-riposo/thumb.jpg"
    },
    {
      "title": "Mobilificio",
      "category": "Edilizia e Casa",
      "slug": "mobilificio",
      "href": "/demos/mobilificio/",
      "thumb": "/demos/mobilificio/thumb.jpg"
    },
    {
      "title": "Giardiniere",
      "category": "Edilizia e Casa",
      "slug": "giardiniere",
      "href": "/demos/giardiniere/",
      "thumb": "/demos/giardiniere/thumb.jpg"
    },
    {
      "title": "Outdoor Store",
      "category": "Edilizia e Casa",
      "slug": "outdoor-store",
      "href": "/demos/outdoor-store/",
      "thumb": "/demos/outdoor-store/thumb.jpg"
    },
    {
      "title": "Architetto",
      "category": "Professionisti",
      "slug": "architetto",
      "href": "/demos/architetto/",
      "thumb": "/demos/architetto/thumb.jpg"
    },
    {
      "title": "Geometra Perito",
      "category": "Professionisti",
      "slug": "geometra-perito",
      "href": "/demos/geometra-perito/",
      "thumb": "/demos/geometra-perito/thumb.jpg"
    },
    {
      "title": "Commercialista",
      "category": "Professionisti",
      "slug": "commercialista",
      "href": "/demos/commercialista/",
      "thumb": "/demos/commercialista/thumb.jpg"
    },
    {
      "title": "Consulente del Lavoro",
      "category": "Professionisti",
      "slug": "consulente-del-lavoro",
      "href": "/demos/consulente-del-lavoro/",
      "thumb": "/demos/consulente-del-lavoro/thumb.jpg"
    },
    {
      "title": "Studio Legale",
      "category": "Professionisti",
      "slug": "studio-legale",
      "href": "/demos/studio-legale/",
      "thumb": "/demos/studio-legale/thumb.jpg"
    },
    {
      "title": "Broker Assicurativo",
      "category": "Professionisti",
      "slug": "broker-assicurativo",
      "href": "/demos/broker-assicurativo/",
      "thumb": "/demos/broker-assicurativo/thumb.jpg"
    },
    {
      "title": "Broker Mutui",
      "category": "Professionisti",
      "slug": "broker-mutui",
      "href": "/demos/broker-mutui/",
      "thumb": "/demos/broker-mutui/thumb.jpg"
    },
    {
      "title": "Agenzia Immobiliare",
      "category": "Professionisti",
      "slug": "agenzia-immobiliare",
      "href": "/demos/agenzia-immobiliare/",
      "thumb": "/demos/agenzia-immobiliare/thumb.jpg"
    },
    {
      "title": "Dentista",
      "category": "Salute e Benessere",
      "slug": "dentista",
      "href": "/demos/dentista/",
      "thumb": "/demos/dentista/thumb.jpg"
    },
    {
      "title": "Chirurgo",
      "category": "Salute e Benessere",
      "slug": "chirurgo",
      "href": "/demos/chirurgo/",
      "thumb": "/demos/chirurgo/thumb.jpg"
    },
    {
      "title": "Psicologia",
      "category": "Salute e Benessere",
      "slug": "psicologia",
      "href": "/demos/psicologia/",
      "thumb": "/demos/psicologia/thumb.jpg"
    },
    {
      "title": "Nutrizionista",
      "category": "Salute e Benessere",
      "slug": "nutrizionista",
      "href": "/demos/nutrizionista/",
      "thumb": "/demos/nutrizionista/thumb.jpg"
    },
    {
      "title": "Podologo",
      "category": "Salute e Benessere",
      "slug": "podologo",
      "href": "/demos/podologo/",
      "thumb": "/demos/podologo/thumb.jpg"
    },
    {
      "title": "Chiropratico / Osteopata",
      "category": "Salute e Benessere",
      "slug": "chiropratico-osteopata",
      "href": "/demos/chiropratico-osteopata/",
      "thumb": "/demos/chiropratico-osteopata/thumb.jpg"
    },
    {
      "title": "Medicina Estetica",
      "category": "Salute e Benessere",
      "slug": "medicina-estetica",
      "href": "/demos/medicina-estetica/",
      "thumb": "/demos/medicina-estetica/thumb.jpg"
    },
    {
      "title": "Estetista",
      "category": "Salute e Benessere",
      "slug": "estetista",
      "href": "/demos/estetista/",
      "thumb": "/demos/estetista/thumb.jpg"
    },
    {
      "title": "Centro Benessere SPA",
      "category": "Salute e Benessere",
      "slug": "centro-benessere-spa",
      "href": "/demos/centro-benessere-spa/",
      "thumb": "/demos/centro-benessere-spa/thumb.jpg"
    },
    {
      "title": "Palestra",
      "category": "Salute e Benessere",
      "slug": "palestra",
      "href": "/demos/palestra/",
      "thumb": "/demos/palestra/thumb.jpg"
    },
    {
      "title": "Scuola Danza",
      "category": "Salute e Benessere",
      "slug": "scuola-danza",
      "href": "/demos/scuola-danza/",
      "thumb": "/demos/scuola-danza/thumb.jpg"
    },
    {
      "title": "Arti Marziali",
      "category": "Salute e Benessere",
      "slug": "arti-marziali",
      "href": "/demos/arti-marziali/",
      "thumb": "/demos/arti-marziali/thumb.jpg"
    },
    {
      "title": "Sport Acquatici",
      "category": "Salute e Benessere",
      "slug": "sport-acquatici",
      "href": "/demos/sport-acquatici/",
      "thumb": "/demos/sport-acquatici/thumb.jpg"
    },
    {
      "title": "Centro Diagnostico",
      "category": "Centri Medici e Assistenza",
      "slug": "centro-diagnostico",
      "href": "/demos/centro-diagnostico/",
      "thumb": "/demos/centro-diagnostico/thumb.jpg"
    },
    {
      "title": "Centro Fisioterapico",
      "category": "Centri Medici e Assistenza",
      "slug": "centro-fisioterapico",
      "href": "/demos/centro-fisioterapico/",
      "thumb": "/demos/centro-fisioterapico/thumb.jpg"
    },
    {
      "title": "Centro Ortopedico",
      "category": "Centri Medici e Assistenza",
      "slug": "centro-ortopedico",
      "href": "/demos/centro-ortopedico/",
      "thumb": "/demos/centro-ortopedico/thumb.jpg"
    },
    {
      "title": "Farmacia",
      "category": "Centri Medici e Assistenza",
      "slug": "farmacia",
      "href": "/demos/farmacia/",
      "thumb": "/demos/farmacia/thumb.jpg"
    },
    {
      "title": "Casa Riposo",
      "category": "Centri Medici e Assistenza",
      "slug": "casa-riposo",
      "href": "/demos/casa-riposo/",
      "thumb": "/demos/casa-riposo/thumb.jpg"
    },
    {
      "title": "Veterinario",
      "category": "Centri Medici e Assistenza",
      "slug": "veterinario",
      "href": "/demos/veterinario/",
      "thumb": "/demos/veterinario/thumb.jpg"
    },
    {
      "title": "Badanti",
      "category": "Centri Medici e Assistenza",
      "slug": "badanti",
      "href": "/demos/badanti/",
      "thumb": "/demos/badanti/thumb.jpg"
    },
    {
      "title": "Cooperativa Sociale",
      "category": "Centri Medici e Assistenza",
      "slug": "cooperativa-sociale",
      "href": "/demos/cooperativa-sociale/",
      "thumb": "/demos/cooperativa-sociale/thumb.jpg"
    },
    {
      "title": "Bar",
      "category": "Ristorazione",
      "slug": "bar",
      "href": "/demos/bar/",
      "thumb": "/demos/bar/thumb.jpg"
    },
    {
      "title": "Pizzeria – Ristorante",
      "category": "Ristorazione",
      "slug": "pizzeria-ristorante",
      "href": "/demos/pizzeria-ristorante/",
      "thumb": "/demos/pizzeria-ristorante/thumb.jpg"
    },
    {
      "title": "Street Food",
      "category": "Ristorazione",
      "slug": "street-food",
      "href": "/demos/street-food/",
      "thumb": "/demos/street-food/thumb.jpg"
    },
    {
      "title": "Gelateria Artigianale",
      "category": "Ristorazione",
      "slug": "gelateria-artigianale",
      "href": "/demos/gelateria-artigianale/",
      "thumb": "/demos/gelateria-artigianale/thumb.jpg"
    },
    {
      "title": "Pasticceria",
      "category": "Ristorazione",
      "slug": "pasticceria",
      "href": "/demos/pasticceria/",
      "thumb": "/demos/pasticceria/thumb.jpg"
    },
    {
      "title": "Macelleria",
      "category": "Ristorazione",
      "slug": "macelleria",
      "href": "/demos/macelleria/",
      "thumb": "/demos/macelleria/thumb.jpg"
    },
    {
      "title": "Enoteca",
      "category": "Ristorazione",
      "slug": "enoteca",
      "href": "/demos/enoteca/",
      "thumb": "/demos/enoteca/thumb.jpg"
    },
    {
      "title": "Frantoio",
      "category": "Ristorazione",
      "slug": "frantoio",
      "href": "/demos/frantoio/",
      "thumb": "/demos/frantoio/thumb.jpg"
    },
    {
      "title": "Catering Eventi",
      "category": "Ristorazione",
      "slug": "catering-eventi",
      "href": "/demos/catering-eventi/",
      "thumb": "/demos/catering-eventi/thumb.jpg"
    },
    {
      "title": "Negozio Abbigliamento",
      "category": "Negozi",
      "slug": "negozio-abbigliamento",
      "href": "/demos/negozio-abbigliamento/",
      "thumb": "/demos/negozio-abbigliamento/thumb.jpg"
    },
    {
      "title": "Negozio Bambini",
      "category": "Negozi",
      "slug": "negozio-bambini",
      "href": "/demos/negozio-bambini/",
      "thumb": "/demos/negozio-bambini/thumb.jpg"
    },
    {
      "title": "Negozio Scarpe",
      "category": "Negozi",
      "slug": "negozio-scarpe",
      "href": "/demos/negozio-scarpe/",
      "thumb": "/demos/negozio-scarpe/thumb.jpg"
    },
    {
      "title": "Gioielli e Orologi",
      "category": "Negozi",
      "slug": "gioielli-e-orologi",
      "href": "/demos/gioielli-e-orologi/",
      "thumb": "/demos/gioielli-e-orologi/thumb.jpg"
    },
    {
      "title": "Compro Oro e Orologi di Lusso",
      "category": "Negozi",
      "slug": "compro-oro-e-orologi-di-lusso",
      "href": "/demos/compro-oro-e-orologi-di-lusso/",
      "thumb": "/demos/compro-oro-e-orologi-di-lusso/thumb.jpg"
    },
    {
      "title": "Erboristeria",
      "category": "Negozi",
      "slug": "erboristeria",
      "href": "/demos/erboristeria/",
      "thumb": "/demos/erboristeria/thumb.jpg"
    },
    {
      "title": "Profumeria",
      "category": "Negozi",
      "slug": "profumeria",
      "href": "/demos/profumeria/",
      "thumb": "/demos/profumeria/thumb.jpg"
    },
    {
      "title": "Telefonia",
      "category": "Negozi",
      "slug": "telefonia",
      "href": "/demos/telefonia/",
      "thumb": "/demos/telefonia/thumb.jpg"
    },
    {
      "title": "Sigarette Elettroniche",
      "category": "Negozi",
      "slug": "sigarette-elettroniche",
      "href": "/demos/sigarette-elettroniche/",
      "thumb": "/demos/sigarette-elettroniche/thumb.jpg"
    },
    {
      "title": "Libreria",
      "category": "Negozi",
      "slug": "libreria",
      "href": "/demos/libreria/",
      "thumb": "/demos/libreria/thumb.jpg"
    },
    {
      "title": "Fumetteria",
      "category": "Negozi",
      "slug": "fumetteria",
      "href": "/demos/fumetteria/",
      "thumb": "/demos/fumetteria/thumb.jpg"
    },
    {
      "title": "Videogiochi",
      "category": "Negozi",
      "slug": "videogiochi",
      "href": "/demos/videogiochi/",
      "thumb": "/demos/videogiochi/thumb.jpg"
    },
    {
      "title": "Strumenti Musicali",
      "category": "Negozi",
      "slug": "strumenti-musicali",
      "href": "/demos/strumenti-musicali/",
      "thumb": "/demos/strumenti-musicali/thumb.jpg"
    },
    {
      "title": "Tessuti",
      "category": "Negozi",
      "slug": "tessuti",
      "href": "/demos/tessuti/",
      "thumb": "/demos/tessuti/thumb.jpg"
    },
    {
      "title": "Pet Store",
      "category": "Negozi",
      "slug": "pet-store",
      "href": "/demos/pet-store/",
      "thumb": "/demos/pet-store/thumb.jpg"
    },
    {
      "title": "Concessionario",
      "category": "Auto, Moto e Trasporti",
      "slug": "concessionario",
      "href": "/demos/concessionario/",
      "thumb": "/demos/concessionario/thumb.jpg"
    },
    {
      "title": "Meccanico",
      "category": "Auto, Moto e Trasporti",
      "slug": "meccanico",
      "href": "/demos/meccanico/",
      "thumb": "/demos/meccanico/thumb.jpg"
    },
    {
      "title": "Carrozziere",
      "category": "Auto, Moto e Trasporti",
      "slug": "carrozziere",
      "href": "/demos/carrozziere/",
      "thumb": "/demos/carrozziere/thumb.jpg"
    },
    {
      "title": "Gommista",
      "category": "Auto, Moto e Trasporti",
      "slug": "gommista",
      "href": "/demos/gommista/",
      "thumb": "/demos/gommista/thumb.jpg"
    },
    {
      "title": "Moto",
      "category": "Auto, Moto e Trasporti",
      "slug": "moto",
      "href": "/demos/moto/",
      "thumb": "/demos/moto/thumb.jpg"
    },
    {
      "title": "Lavaggio Auto",
      "category": "Auto, Moto e Trasporti",
      "slug": "lavaggio-auto",
      "href": "/demos/lavaggio-auto/",
      "thumb": "/demos/lavaggio-auto/thumb.jpg"
    },
    {
      "title": "Noleggio",
      "category": "Auto, Moto e Trasporti",
      "slug": "noleggio",
      "href": "/demos/noleggio/",
      "thumb": "/demos/noleggio/thumb.jpg"
    },
    {
      "title": "Autoscuola",
      "category": "Auto, Moto e Trasporti",
      "slug": "autoscuola",
      "href": "/demos/autoscuola/",
      "thumb": "/demos/autoscuola/thumb.jpg"
    },
    {
      "title": "Noleggio e Rimessaggio Barche",
      "category": "Auto, Moto e Trasporti",
      "slug": "noleggio-e-rimessaggio-barche",
      "href": "/demos/noleggio-e-rimessaggio-barche/",
      "thumb": "/demos/noleggio-e-rimessaggio-barche/thumb.jpg"
    },
    {
      "title": "Agenzia Viaggi",
      "category": "Turismo, Eventi e Formazione",
      "slug": "agenzia-viaggi",
      "href": "/demos/agenzia-viaggi/",
      "thumb": "/demos/agenzia-viaggi/thumb.jpg"
    },
    {
      "title": "Agriturismo",
      "category": "Turismo, Eventi e Formazione",
      "slug": "agriturismo",
      "href": "/demos/agriturismo/",
      "thumb": "/demos/agriturismo/thumb.jpg"
    },
    {
      "title": "B&B",
      "category": "Turismo, Eventi e Formazione",
      "slug": "bnb",
      "href": "/demos/bnb/",
      "thumb": "/demos/bnb/thumb.jpg"
    },
    {
      "title": "Stabilimento Balneare",
      "category": "Turismo, Eventi e Formazione",
      "slug": "stabilimento-balneare",
      "href": "/demos/stabilimento-balneare/",
      "thumb": "/demos/stabilimento-balneare/thumb.jpg"
    },
    {
      "title": "Wedding Planner",
      "category": "Turismo, Eventi e Formazione",
      "slug": "wedding-planner",
      "href": "/demos/wedding-planner/",
      "thumb": "/demos/wedding-planner/thumb.jpg"
    },
    {
      "title": "Vestiti Matrimonio",
      "category": "Turismo, Eventi e Formazione",
      "slug": "vestiti-matrimonio",
      "href": "/demos/vestiti-matrimonio/",
      "thumb": "/demos/vestiti-matrimonio/thumb.jpg"
    },
    {
      "title": "Discoteca",
      "category": "Turismo, Eventi e Formazione",
      "slug": "discoteca",
      "href": "/demos/discoteca/",
      "thumb": "/demos/discoteca/thumb.jpg"
    },
    {
      "title": "Sale Giochi e Compleanni",
      "category": "Turismo, Eventi e Formazione",
      "slug": "sale-giochi-e-compleanni",
      "href": "/demos/sale-giochi-e-compleanni/",
      "thumb": "/demos/sale-giochi-e-compleanni/thumb.jpg"
    },
    {
      "title": "Centro Studi",
      "category": "Turismo, Eventi e Formazione",
      "slug": "centro-studi",
      "href": "/demos/centro-studi/",
      "thumb": "/demos/centro-studi/thumb.jpg"
    },
    {
      "title": "Corsi e Formazione",
      "category": "Turismo, Eventi e Formazione",
      "slug": "corsi-e-formazione",
      "href": "/demos/corsi-e-formazione/",
      "thumb": "/demos/corsi-e-formazione/thumb.jpg"
    },
    {
      "title": "Asilo Privato",
      "category": "Turismo, Eventi e Formazione",
      "slug": "asilo-privato",
      "href": "/demos/asilo-privato/",
      "thumb": "/demos/asilo-privato/thumb.jpg"
    },
    {
      "title": "Centro Cinofilo",
      "category": "Turismo, Eventi e Formazione",
      "slug": "centro-cinofilo",
      "href": "/demos/centro-cinofilo/",
      "thumb": "/demos/centro-cinofilo/thumb.jpg"
    },
    {
      "title": "Fotografo e Videomaker",
      "category": "Turismo, Eventi e Formazione",
      "slug": "fotografo-e-videomaker",
      "href": "/demos/fotografo-e-videomaker/",
      "thumb": "/demos/fotografo-e-videomaker/thumb.jpg"
    }
  ]
}